Gmt time,Open,High,Low,Close,Volume
23.12.2020 00:00:00.000,28.886,29.037,28.817,28.861,15.56
24.12.2020 00:00:00.000,28.861,28.861,28.861,28.861,0.01
28.12.2020 00:00:00.000,29.112,29.286,29.072,29.136,19.28
29.12.2020 00:00:00.000,29.277,29.437,29.141,29.207,29.53
30.12.2020 00:00:00.000,29.242,29.337,29.191,29.272,23.92
04.01.2021 00:00:00.000,29.516,29.597,29.361,29.446,23.22
05.01.2021 00:00:00.000,29.417,29.637,29.381,29.487,31.92
06.01.2021 00:00:00.000,29.436,29.506,29.241,29.416,31.55
07.01.2021 00:00:00.000,29.376,29.541,29.231,29.487,24.83
08.01.2021 00:00:00.000,29.821,29.986,29.767,29.792,30.39
11.01.2021 00:00:00.000,29.942,29.942,29.551,29.702,32.41
12.01.2021 00:00:00.000,29.611,29.777,29.607,29.682,29.71
13.01.2021 00:00:00.000,29.647,29.962,29.611,29.896,30.21
14.01.2021 00:00:00.000,29.882,29.942,29.796,29.831,26.9
15.01.2021 00:00:00.000,29.716,29.842,29.456,29.531,54.97
18.01.2021 00:00:00.000,29.496,29.757,29.496,29.662,36.26
19.01.2021 00:00:00.000,29.697,30.107,29.696,30.042,31
20.01.2021 00:00:00.000,30.132,30.482,30.107,30.401,21.88
21.01.2021 00:00:00.000,30.577,30.722,30.547,30.646,32.11
22.01.2021 00:00:00.000,30.571,30.607,30.282,30.531,31.15
25.01.2021 00:00:00.000,30.691,30.787,30.376,30.462,42.58
26.01.2021 00:00:00.000,30.481,30.851,30.451,30.776,36.91
27.01.2021 00:00:00.000,30.952,31.122,30.287,30.781,60.67
28.01.2021 00:00:00.000,30.402,30.926,29.966,30.851,64.87
29.01.2021 00:00:00.000,30.577,30.867,30.461,30.591,56.46
01.02.2021 00:00:00.000,30.786,31.066,30.752,30.987,44.93
02.02.2021 00:00:00.000,31.207,31.542,31.207,31.532,29.45
03.02.2021 00:00:00.000,31.642,31.827,31.596,31.672,38.71
04.02.2021 00:00:00.000,31.642,31.922,31.536,31.731,42.49
05.02.2021 00:00:00.000,31.896,31.992,31.756,31.776,27.12
08.02.2021 00:00:00.000,32.096,32.127,31.896,31.971,68.73
09.02.2021 00:00:00.000,31.996,31.997,31.701,31.707,55.69
10.02.2021 00:00:00.000,31.742,31.827,31.356,31.532,32.77
11.02.2021 00:00:00.000,31.531,32.077,31.531,32.046,28.1
12.02.2021 00:00:00.000,32.016,32.171,31.966,32.147,30.53
15.02.2021 00:00:00.000,32.311,32.462,32.216,32.402,37.65
16.02.2021 00:00:00.000,32.446,32.687,32.446,32.557,22.45
17.02.2021 00:00:00.000,32.297,32.417,32.072,32.077,60.61
18.02.2021 00:00:00.000,32.128,32.258,31.747,31.778,90.495
19.02.2021 00:00:00.000,31.893,32.013,31.817,31.872,92.655
22.02.2021 00:00:00.000,31.597,31.597,31.317,31.367,104.99
23.02.2021 00:00:00.000,31.262,31.268,29.897,30.522,122.6575
24.02.2021 00:00:00.000,30.597,30.788,30.313,30.497,84.5475
25.02.2021 00:00:00.000,30.806,30.812,30.427,30.543,87.94
26.02.2021 00:00:00.000,30.006,30.493,30.006,30.266,139.955
01.03.2021 00:00:00.000,30.797,30.833,30.397,30.581,102.8375
02.03.2021 00:00:00.000,30.597,30.868,30.497,30.547,174.6625
03.03.2021 00:00:00.000,30.558,30.642,29.852,30.077,101.535
04.03.2021 00:00:00.000,29.852,29.998,29.392,29.612,142.6175
05.03.2021 00:00:00.000,29.393,29.633,29.112,29.112,117.3125
08.03.2021 00:00:00.000,29.363,29.548,29.042,29.523,104.825
09.03.2021 00:00:00.000,29.392,30.198,29.257,29.963,99.975
10.03.2021 00:00:00.000,30.002,30.213,29.902,29.972,94.6475
11.03.2021 00:00:00.000,29.947,30.552,29.947,30.443,73.6675
12.03.2021 00:00:00.000,30.198,30.428,30.107,30.177,74.975
15.03.2021 00:00:00.000,30.187,30.453,30.177,30.363,62.975
16.03.2021 00:00:00.000,30.509,30.834,30.388,30.683,95.4025
17.03.2021 00:00:00.000,30.697,30.724,30.433,30.543,60.82
18.03.2021 00:00:00.000,30.832,31.079,30.748,30.838,73.025
19.03.2021 00:00:00.000,30.504,30.874,30.428,30.564,189.06
22.03.2021 00:00:00.000,30.528,30.869,30.458,30.847,110.2875
23.03.2021 00:00:00.000,30.842,31.159,30.668,30.988,110.545
24.03.2021 00:00:00.000,30.829,31.087,30.598,30.604,90.25
25.03.2021 00:00:00.000,30.212,30.469,30.078,30.303,149.875
26.03.2021 00:00:00.000,30.608,30.644,30.444,30.593,97.4675
29.03.2021 00:00:00.000,30.798,30.829,30.444,30.509,106.9475
30.03.2021 00:00:00.000,30.563,30.564,30.363,30.479,103.135
31.03.2021 00:00:00.000,30.494,30.829,30.473,30.754,108.815
01.04.2021 00:00:00.000,30.934,31.204,30.927,31.158,79.51
06.04.2021 00:00:00.000,31.409,31.424,31.174,31.274,127.685
07.04.2021 00:00:00.000,31.293,31.334,31.128,31.223,42.585
08.04.2021 00:00:00.000,31.213,31.534,31.213,31.444,39.8475
09.04.2021 00:00:00.000,31.438,31.584,31.318,31.524,37.4875
12.04.2021 00:00:00.000,31.534,31.624,31.208,31.293,70.535
13.04.2021 00:00:00.000,31.307,31.674,31.273,31.549,66.245
14.04.2021 00:00:00.000,31.678,31.834,31.518,31.529,74.4325
15.04.2021 00:00:00.000,31.563,31.919,31.498,31.859,74.645
16.04.2021 00:00:00.000,31.852,31.993,31.753,31.898,101.3
19.04.2021 00:00:00.000,32.004,32.049,31.783,31.813,58.6075
20.04.2021 00:00:00.000,31.663,31.879,31.323,31.378,136.4475
21.04.2021 00:00:00.000,31.608,31.644,31.299,31.458,148.9525
22.04.2021 00:00:00.000,31.648,31.988,31.613,31.923,338.32
23.04.2021 00:00:00.000,31.883,31.958,31.632,31.827,270.56
26.04.2021 00:00:00.000,31.887,32.097,31.847,31.967,168.57
27.04.2021 00:00:00.000,31.938,32.178,31.897,32.037,139.5475
28.04.2021 00:00:00.000,32.052,32.052,31.757,31.807,163.715
29.04.2021 00:00:00.000,31.918,32.088,31.522,31.593,196.4425
30.04.2021 00:00:00.000,31.692,31.912,31.582,31.718,159.265
03.05.2021 00:00:00.000,31.793,31.962,31.673,31.808,181.125
04.05.2021 00:00:00.000,31.637,31.713,30.692,30.703,502.0475
05.05.2021 00:00:00.000,31.003,31.247,30.997,31.087,182.9575
06.05.2021 00:00:00.000,31.087,31.107,30.497,30.613,289.1375
07.05.2021 00:00:00.000,30.833,31.028,30.602,30.982,198.4225
10.05.2021 00:00:00.000,30.788,30.802,30.397,30.413,280.545
11.05.2021 00:00:00.000,29.938,29.938,29.332,29.772,569.0675
12.05.2021 00:00:00.000,29.917,29.948,29.528,29.537,585.4775
13.05.2021 00:00:00.000,29.247,29.833,29.067,29.682,524.06
14.05.2021 00:00:00.000,29.907,30.112,29.708,30.092,296.455
17.05.2021 00:00:00.000,30.248,30.348,30.082,30.193,282.6275
18.05.2021 00:00:00.000,30.213,30.333,30.012,30.162,337.8125
19.05.2021 00:00:00.000,29.767,29.893,29.607,29.827,457.2975
20.05.2021 00:00:00.000,29.988,30.453,29.942,30.447,393.045
21.05.2021 00:00:00.000,30.532,30.633,30.433,30.473,398.155
25.05.2021 00:00:00.000,30.733,30.803,30.578,30.708,302.0925
26.05.2021 00:00:00.000,30.808,31.013,30.768,30.773,335.015
27.05.2021 00:00:00.000,30.727,30.783,30.478,30.598,296.49
28.05.2021 00:00:00.000,30.603,31.093,30.552,30.967,255.1025
31.05.2021 00:00:00.000,30.998,31.073,30.872,30.872,179.15
01.06.2021 00:00:00.000,31.007,31.203,30.797,30.878,278.1475
02.06.2021 00:00:00.000,30.868,30.922,30.398,30.418,223.16
03.06.2021 00:00:00.000,30.448,30.498,30.088,30.372,253.04
04.06.2021 00:00:00.000,30.387,30.663,30.272,30.603,271.2975
07.06.2021 00:00:00.000,30.618,30.727,30.412,30.693,245.355
08.06.2021 00:00:00.000,30.633,30.952,30.622,30.678,285.9725
09.06.2021 00:00:00.000,30.597,30.868,30.597,30.842,256.05
10.06.2021 00:00:00.000,30.942,31.147,30.777,31.108,285.3125
11.06.2021 00:00:00.000,31.193,31.498,31.172,31.402,248.18
14.06.2021 00:00:00.000,31.542,31.828,31.542,31.752,301.28
15.06.2021 00:00:00.000,31.838,31.953,31.697,31.698,187.67
16.06.2021 00:00:00.000,31.593,31.772,31.498,31.652,216.62
17.06.2021 00:00:00.000,31.438,31.698,31.262,31.653,210.735
18.06.2021 00:00:00.000,31.793,31.863,31.532,31.537,321.4725
21.06.2021 00:00:00.000,31.292,31.593,31.267,31.488,379.6275
22.06.2021 00:00:00.000,31.493,31.783,31.418,31.773,218.2425
23.06.2021 00:00:00.000,31.767,31.788,31.482,31.522,249.18
24.06.2021 00:00:00.000,31.548,32.118,31.517,31.938,250.04
25.06.2021 00:00:00.000,31.938,32.227,31.852,32.198,270.625
28.06.2021 00:00:00.000,32.138,32.463,32.093,32.343,294.6825
29.06.2021 00:00:00.000,32.418,32.698,32.412,32.602,268.945
30.06.2021 00:00:00.000,32.693,32.733,32.217,32.222,410.61
01.07.2021 00:00:00.000,32.338,32.383,31.842,32.088,407.3125
02.07.2021 00:00:00.000,32.183,32.317,32.137,32.198,180.5375
05.07.2021 00:00:00.000,32.248,32.258,32.048,32.232,191.8825
06.07.2021 00:00:00.000,32.333,32.593,32.187,32.488,425.0225
07.07.2021 00:00:00.000,32.533,33.053,32.482,32.913,494.225
08.07.2021 00:00:00.000,32.597,32.793,32.162,32.397,532.0475
09.07.2021 00:00:00.000,32.513,32.733,32.377,32.547,414.8225
12.07.2021 00:00:00.000,32.703,33.108,32.688,32.793,456.4875
13.07.2021 00:00:00.000,32.682,32.968,32.517,32.908,259.6075
14.07.2021 00:00:00.000,32.947,32.978,32.632,32.958,302.48
15.07.2021 00:00:00.000,32.778,32.888,32.553,32.672,365.3375
16.07.2021 00:00:00.000,32.702,32.813,32.548,32.637,429.6775
19.07.2021 00:00:00.000,32.477,32.508,31.858,32.167,555.53
20.07.2021 00:00:00.000,32.348,32.498,32.122,32.268,516.8925
21.07.2021 00:00:00.000,32.362,32.598,32.217,32.468,477.9025
22.07.2021 00:00:00.000,32.617,33.008,32.523,32.952,379.935
23.07.2021 00:00:00.000,33.112,33.233,32.987,33.147,222.71
26.07.2021 00:00:00.000,32.998,33.238,32.852,32.903,223.6575
27.07.2021 00:00:00.000,32.752,32.992,32.647,32.747,333.285
28.07.2021 00:00:00.000,32.777,33.133,32.737,33.083,293.42
29.07.2021 00:00:00.000,33.228,33.298,33.097,33.238,316.4975
30.07.2021 00:00:00.000,32.842,33.372,32.798,33.278,357.295
02.08.2021 00:00:00.000,33.472,33.633,33.138,33.612,305.1325
03.08.2021 00:00:00.000,33.432,33.768,33.382,33.637,381.915
04.08.2021 00:00:00.000,33.697,34.098,33.667,33.992,296.965
05.08.2021 00:00:00.000,34.017,34.508,33.968,34.467,252.3025
06.08.2021 00:00:00.000,34.582,34.582,34.127,34.227,375.2825
09.08.2021 00:00:00.000,34.347,34.748,34.347,34.612,318.9575
10.08.2021 00:00:00.000,34.668,35.018,34.668,34.708,303.2675
11.08.2021 00:00:00.000,34.597,34.733,34.432,34.447,294.18
12.08.2021 00:00:00.000,34.392,34.693,34.242,34.638,310.34
13.08.2021 00:00:00.000,34.483,34.628,34.483,34.562,290.6625
16.08.2021 00:00:00.000,34.378,34.617,34.322,34.417,328.9325
17.08.2021 00:00:00.000,34.473,34.832,34.388,34.782,279.615
18.08.2021 00:00:00.000,34.898,35.128,34.897,35.047,217.4375
19.08.2021 00:00:00.000,34.592,34.773,34.258,34.648,296.105
20.08.2021 00:00:00.000,34.693,35.153,34.482,35.033,415.41
23.08.2021 00:00:00.000,35.218,35.358,35.103,35.338,297.305
24.08.2021 00:00:00.000,35.462,35.623,35.392,35.482,266.65
25.08.2021 00:00:00.000,35.523,35.613,35.267,35.292,195.6525
26.08.2021 00:00:00.000,35.073,35.248,35.002,35.088,199.1425
27.08.2021 00:00:00.000,35.088,35.428,35.042,35.352,122.47
30.08.2021 00:00:00.000,35.368,35.712,35.368,35.668,98.3925
31.08.2021 00:00:00.000,35.712,35.863,35.118,35.222,203.6625
01.09.2021 00:00:00.000,35.598,35.743,35.257,35.552,238.9275
02.09.2021 00:00:00.000,35.662,35.858,35.517,35.728,137.3125
03.09.2021 00:00:00.000,35.657,35.743,35.192,35.547,211.79
06.09.2021 00:00:00.000,35.748,35.903,35.703,35.857,131.9575
07.09.2021 00:00:00.000,35.947,36.052,35.827,35.943,182.485
08.09.2021 00:00:00.000,35.642,35.807,35.467,35.567,254.0075
09.09.2021 00:00:00.000,35.317,35.696,35.282,35.538,218.43
10.09.2021 00:00:00.000,35.673,35.768,35.542,35.607,252.37
13.09.2021 00:00:00.000,35.643,35.643,34.902,34.932,230.325
14.09.2021 00:00:00.000,34.908,35.457,34.842,35.437,235.8375
15.09.2021 00:00:00.000,35.522,35.522,35.177,35.188,233.345
16.09.2021 00:00:00.000,35.218,35.278,34.997,35.232,197.5625
17.09.2021 00:00:00.000,35.462,35.703,35.147,35.147,390.58
20.09.2021 00:00:00.000,34.648,34.748,34.228,34.552,532.4125
21.09.2021 00:00:00.000,34.612,35.343,34.612,35.233,287.78
22.09.2021 00:00:00.000,35.383,35.393,35.003,35.168,597.7025
23.09.2021 00:00:00.000,35.412,35.793,35.407,35.682,396.925
24.09.2021 00:00:00.000,35.612,35.723,35.088,35.198,311.6375
27.09.2021 00:00:00.000,35.513,35.523,34.692,34.713,288.7175
28.09.2021 00:00:00.000,34.397,34.468,33.578,33.757,542.9275
29.09.2021 00:00:00.000,33.977,34.223,33.647,33.647,288.485
30.09.2021 00:00:00.000,33.903,34.207,33.647,33.808,284.5425
01.10.2021 00:00:00.000,33.237,33.557,33.097,33.118,779.6075
04.10.2021 00:00:00.000,32.933,33.257,32.667,32.733,582.03
05.10.2021 00:00:00.000,32.727,33.268,32.673,33.208,326.0675
06.10.2021 00:00:00.000,32.698,32.743,32.268,32.543,424.465
07.10.2021 00:00:00.000,32.762,32.848,32.252,32.632,352.7675
08.10.2021 00:00:00.000,32.627,32.688,32.317,32.398,267.5825
11.10.2021 00:00:00.000,32.248,32.438,31.942,32.262,194.09
12.10.2021 00:00:00.000,31.957,32.593,31.917,32.342,327.9225
13.10.2021 00:00:00.000,32.373,33.143,32.373,32.922,224.13
14.10.2021 00:00:00.000,33.107,33.523,33.042,33.498,198.2125
15.10.2021 00:00:00.000,33.527,33.652,33.457,33.623,280.4725
18.10.2021 00:00:00.000,33.497,33.618,33.377,33.608,343.1225
19.10.2021 00:00:00.000,33.688,33.818,33.387,33.807,352.2
20.10.2021 00:00:00.000,33.653,34.003,33.602,33.878,421.0825
21.10.2021 00:00:00.000,33.793,34.388,33.792,34.103,240.33
22.10.2021 00:00:00.000,34.333,34.462,34.137,34.307,210.01
25.10.2021 00:00:00.000,34.268,34.577,34.207,34.573,241.7675
26.10.2021 00:00:00.000,34.718,34.963,34.533,34.747,220.855
27.10.2021 00:00:00.000,34.707,34.803,34.383,34.383,186.6675
28.10.2021 00:00:00.000,34.303,34.618,34.237,34.612,217.0725
29.10.2021 00:00:00.000,34.283,34.523,34.152,34.503,453.7375
01.11.2021 00:00:00.000,34.783,34.938,34.727,34.937,299.8625
02.11.2021 00:00:00.000,34.877,35.178,34.877,35.042,381.3875
03.11.2021 00:00:00.000,35.227,35.578,35.212,35.333,493.9775
04.11.2021 00:00:00.000,35.548,35.643,35.282,35.603,354.33
05.11.2021 00:00:00.000,35.632,35.938,34.817,35.117,527.205
08.11.2021 00:00:00.000,35.233,35.513,35.217,35.453,461.22
09.11.2021 00:00:00.000,35.398,35.458,35.173,35.222,344.18
10.11.2021 00:00:00.000,35.257,35.293,34.722,34.967,363.8175
11.11.2021 00:00:00.000,34.828,35.073,34.537,35.013,188.4275
12.11.2021 00:00:00.000,34.993,35.218,34.948,35.202,214.09
15.11.2021 00:00:00.000,35.172,35.263,34.967,35.138,170.145
16.11.2021 00:00:00.000,35.162,35.442,35.057,35.397,236.4
17.11.2021 00:00:00.000,35.478,35.872,35.457,35.612,209.265
18.11.2021 00:00:00.000,35.697,35.968,35.682,35.763,191.3
19.11.2021 00:00:00.000,35.827,36.193,35.772,35.987,388.83
22.11.2021 00:00:00.000,36.073,36.188,35.607,35.607,179.1825
23.11.2021 00:00:00.000,35.082,35.138,34.657,34.808,346.26
24.11.2021 00:00:00.000,34.847,34.873,34.098,34.562,310.9625
25.11.2021 00:00:00.000,34.773,35.043,34.682,34.908,245.0325
26.11.2021 00:00:00.000,34.493,35.103,34.377,34.843,355.0925
29.11.2021 00:00:00.000,34.622,34.862,34.442,34.697,393.9475
30.11.2021 00:00:00.000,34.527,35.203,34.448,34.818,418.6525
01.12.2021 00:00:00.000,34.777,35.043,34.337,34.978,392.4925
02.12.2021 00:00:00.000,34.653,34.718,33.912,34.093,452.8725
03.12.2021 00:00:00.000,34.268,34.553,33.822,33.863,398.6675
06.12.2021 00:00:00.000,34.157,34.288,33.727,33.838,245.95
07.12.2021 00:00:00.000,34.297,35.127,34.292,35.112,270.6825
08.12.2021 00:00:00.000,34.973,35.288,34.793,34.873,303.9225
09.12.2021 00:00:00.000,34.933,35.127,34.782,34.877,207.8475
10.12.2021 00:00:00.000,34.447,34.763,34.187,34.587,175.27
13.12.2021 00:00:00.000,34.597,35.128,34.597,34.813,31.5835
14.12.2021 00:00:00.000,34.793,34.903,34.092,34.202,43.5296
15.12.2021 00:00:00.000,34.308,34.648,34.268,34.623,43.2209
16.12.2021 00:00:00.000,35.177,35.278,34.497,34.547,60.2444
17.12.2021 00:00:00.000,34.298,34.523,34.017,34.467,62.1782
20.12.2021 00:00:00.000,33.818,34.268,33.807,34.192,55.5283
21.12.2021 00:00:00.000,34.487,34.508,34.148,34.222,37.1396
22.12.2021 00:00:00.000,34.443,34.647,34.283,34.647,40.6376
23.12.2021 00:00:00.000,34.717,34.948,34.572,34.933,32.416
27.12.2021 00:00:00.000,34.813,35.308,34.797,35.233,21.2628
28.12.2021 00:00:00.000,35.207,35.618,35.207,35.452,19.3085
29.12.2021 00:00:00.000,35.208,35.452,35.057,35.222,23.1196
30.12.2021 00:00:00.000,35.268,35.428,35.242,35.337,11.1721
03.01.2022 00:00:00.000,35.563,35.613,35.182,35.392,35.9364
04.01.2022 00:00:00.000,35.472,35.493,34.488,34.568,65.6681
05.01.2022 00:00:00.000,34.517,34.673,34.357,34.508,37.0785
06.01.2022 00:00:00.000,34.002,34.078,33.452,33.813,51.1792
07.01.2022 00:00:00.000,33.627,33.758,33.247,33.423,62.7985
10.01.2022 00:00:00.000,33.538,33.543,32.247,32.402,71.7092
11.01.2022 00:00:00.000,32.797,33.028,32.672,32.858,88.0882
12.01.2022 00:00:00.000,33.113,33.188,32.837,32.967,60.1026
13.01.2022 00:00:00.000,32.783,32.918,32.307,32.417,57.99
14.01.2022 00:00:00.000,32.052,32.218,31.802,31.873,68.8838
17.01.2022 00:00:00.000,31.878,32.148,31.652,32.088,49.6878
18.01.2022 00:00:00.000,31.907,31.908,31.412,31.572,70.9255
19.01.2022 00:00:00.000,31.223,32.068,31.202,31.788,62.9173
20.01.2022 00:00:00.000,32.098,32.358,31.717,32.358,57.9467
21.01.2022 00:00:00.000,31.947,31.968,31.317,31.603,62.2159
24.01.2022 00:00:00.000,31.358,31.443,30.067,30.227,108.0998
25.01.2022 00:00:00.000,30.453,30.457,29.997,30.283,89.3602
26.01.2022 00:00:00.000,30.553,30.917,30.423,30.762,69.385
27.01.2022 00:00:00.000,30.062,30.793,29.922,30.722,89.5461
28.01.2022 00:00:00.000,30.688,30.848,30.327,30.748,89.9952
31.01.2022 00:00:00.000,31.148,31.333,30.882,31.073,74.6188
01.02.2022 00:00:00.000,31.477,31.738,31.302,31.507,67.6438
02.02.2022 00:00:00.000,31.842,32.097,31.802,31.808,64.2693
03.02.2022 00:00:00.000,31.588,31.837,31.132,31.148,84.638
04.02.2022 00:00:00.000,31.223,31.297,30.637,30.667,83.9057
07.02.2022 00:00:00.000,30.827,30.903,30.487,30.802,62.4842
08.02.2022 00:00:00.000,30.642,30.703,30.107,30.342,68.8223
09.02.2022 00:00:00.000,30.818,31.143,30.788,30.993,62.5465
10.02.2022 00:00:00.000,31.067,31.067,30.328,30.498,65.2967
11.02.2022 00:00:00.000,30.198,30.433,29.977,30.103,70.1438
14.02.2022 00:00:00.000,29.408,29.483,29.007,29.443,123.6857
15.02.2022 00:00:00.000,29.587,30.193,29.557,30.108,92.7735
16.02.2022 00:00:00.000,30.172,30.368,29.723,29.973,64.3129
17.02.2022 00:00:00.000,30.007,30.103,29.527,29.597,91.8918
18.02.2022 00:00:00.000,29.478,29.593,28.902,28.962,82.26
21.02.2022 00:00:00.000,28.947,28.947,28.203,28.417,65.2498
22.02.2022 00:00:00.000,27.688,28.578,27.677,28.302,128.2537
23.02.2022 00:00:00.000,28.452,28.773,28.227,28.268,101.1523
24.02.2022 00:00:00.000,27.158,27.933,26.997,27.848,136.1466
25.02.2022 00:00:00.000,28.237,28.773,27.972,28.718,121.6788
28.02.2022 00:00:00.000,28.342,29.188,28.327,29.138,126.1201
01.03.2022 00:00:00.000,29.033,29.043,28.298,28.752,111.7812
02.03.2022 00:00:00.000,28.553,29.063,28.322,28.907,121.1584
03.03.2022 00:00:00.000,28.998,29.098,28.322,28.377,94.3393
04.03.2022 00:00:00.000,28.028,28.363,27.362,27.408,141.6862
07.03.2022 00:00:00.000,26.733,27.598,26.348,27.022,160.9094
08.03.2022 00:00:00.000,26.873,27.458,26.062,26.273,159.8875
09.03.2022 00:00:00.000,26.913,27.848,26.742,27.773,127.9922
10.03.2022 00:00:00.000,27.868,27.983,27.153,27.232,143.7689
11.03.2022 00:00:00.000,27.143,28.177,27.003,27.683,176.4779
14.03.2022 00:00:00.000,27.757,28.293,27.557,28.073,112.306
15.03.2022 00:00:00.000,27.793,28.213,27.462,28.068,125.5226
16.03.2022 00:00:00.000,28.642,29.333,28.627,29.273,107.2521
17.03.2022 00:00:00.000,29.453,29.547,29.003,29.313,85.0177
18.03.2022 00:00:00.000,29.308,29.673,28.908,29.648,107.8535
21.03.2022 00:00:00.000,29.657,29.718,29.357,29.597,88.3928
22.03.2022 00:00:00.000,29.758,29.918,29.427,29.812,81.952
23.03.2022 00:00:00.000,30.027,30.148,29.398,29.477,89.5141
24.03.2022 00:00:00.000,29.573,29.663,29.247,29.423,100.0896
25.03.2022 00:00:00.000,29.517,29.942,29.212,29.413,72.4016
28.03.2022 00:00:00.000,29.577,29.767,29.403,29.532,71.8396
29.03.2022 00:00:00.000,29.783,30.568,29.737,30.258,103.27
30.03.2022 00:00:00.000,30.093,30.213,29.877,30.062,80.0619
31.03.2022 00:00:00.000,30.227,30.363,29.723,29.738,79.5672
01.04.2022 00:00:00.000,29.747,29.853,29.527,29.738,68.3443
04.04.2022 00:00:00.000,29.967,30.178,29.672,30.132,62.1428
05.04.2022 00:00:00.000,30.192,30.418,30.002,30.123,76.9395
06.04.2022 00:00:00.000,30.107,30.213,29.317,29.533,99.222
07.04.2022 00:00:00.000,29.612,29.893,29.497,29.507,100.71
08.04.2022 00:00:00.000,29.872,29.872,29.297,29.428,90.3816
11.04.2022 00:00:00.000,29.397,29.468,28.877,28.952,99.807
12.04.2022 00:00:00.000,28.478,28.903,28.437,28.712,106.3032
13.04.2022 00:00:00.000,28.748,28.767,28.422,28.677,86.3412
14.04.2022 00:00:00.000,28.818,29.103,28.642,28.837,95.2368
19.04.2022 00:00:00.000,28.587,28.953,28.137,28.838,78.6828
20.04.2022 00:00:00.000,28.783,29.383,28.748,29.257,96.6912
21.04.2022 00:00:00.000,29.343,29.743,29.297,29.438,86.8188
22.04.2022 00:00:00.000,29.053,29.148,28.578,28.588,125.5194
25.04.2022 00:00:00.000,28.258,28.562,28.047,28.303,134.7774
26.04.2022 00:00:00.000,28.382,28.418,27.702,27.728,108.3372
27.04.2022 00:00:00.000,27.893,27.998,27.522,27.803,152.6418
28.04.2022 00:00:00.000,28.073,28.383,27.977,28.197,150.7494
29.04.2022 00:00:00.000,28.363,28.543,28.087,28.112,87.351
02.05.2022 00:00:00.000,27.887,27.973,27.097,27.448,99.36
03.05.2022 00:00:00.000,27.598,27.758,27.537,27.722,46.3764
04.05.2022 00:00:00.000,27.678,27.833,27.537,27.587,13.2096
05.05.2022 00:00:00.000,28.233,28.352,27.582,27.642,23.8392
06.05.2022 00:00:00.000,27.418,27.543,26.717,27.067,28.6872
09.05.2022 00:00:00.000,26.788,26.978,26.127,26.142,26.9424
10.05.2022 00:00:00.000,26.293,26.703,26.177,26.412,24.744
11.05.2022 00:00:00.000,26.443,26.792,26.148,26.738,27.2952
12.05.2022 00:00:00.000,26.237,26.898,26.053,26.798,27.2304
13.05.2022 00:00:00.000,27.003,27.703,27.003,27.653,21.1104
16.05.2022 00:00:00.000,27.712,27.827,27.497,27.617,24.048
17.05.2022 00:00:00.000,27.738,28.083,27.612,27.942,19.5048
18.05.2022 00:00:00.000,27.978,28.022,27.363,27.378,16.7136
19.05.2022 00:00:00.000,26.977,27.383,26.747,27.307,27.7728
20.05.2022 00:00:00.000,27.503,27.912,27.452,27.593,19.8672
23.05.2022 00:00:00.000,27.938,28.058,27.643,27.757,20.496
24.05.2022 00:00:00.000,27.598,27.868,27.497,27.522,20.7864
25.05.2022 00:00:00.000,27.567,27.608,27.197,27.528,20.0136
26.05.2022 00:00:00.000,27.443,27.873,27.413,27.868,12.5808
27.05.2022 00:00:00.000,27.973,28.608,27.917,28.568,16.176
30.05.2022 00:00:00.000,28.923,29.053,28.833,29.012,13.5336
31.05.2022 00:00:00.000,28.803,28.903,28.512,28.512,14.304
01.06.2022 00:00:00.000,28.662,28.663,28.212,28.223,14.6832
02.06.2022 00:00:00.000,28.383,28.708,28.272,28.708,11.928
03.06.2022 00:00:00.000,28.793,29.008,28.508,28.533,18.4608
06.06.2022 00:00:00.000,28.688,28.893,28.637,28.757,10.3776
07.06.2022 00:00:00.000,28.507,28.668,28.328,28.617,22.236
08.06.2022 00:00:00.000,28.662,28.712,28.367,28.562,23.508
09.06.2022 00:00:00.000,28.333,28.433,27.933,27.952,26.3184
10.06.2022 00:00:00.000,27.688,27.828,27.128,27.142,25.9032
13.06.2022 00:00:00.000,26.832,26.843,25.972,26.037,29.604
14.06.2022 00:00:00.000,26.342,26.412,25.547,25.582,28.92
15.06.2022 00:00:00.000,25.773,25.953,25.447,25.893,28.4472
16.06.2022 00:00:00.000,25.778,25.808,24.947,25.093,30.7056
17.06.2022 00:00:00.000,25.167,25.508,25.097,25.393,24.9816
20.06.2022 00:00:00.000,25.412,25.663,25.238,25.427,16.8432
21.06.2022 00:00:00.000,25.527,25.793,25.477,25.592,17.7024
22.06.2022 00:00:00.000,25.173,25.753,24.978,25.667,20.2152
23.06.2022 00:00:00.000,25.428,25.632,25.197,25.562,24.7704
24.06.2022 00:00:00.000,25.648,26.403,25.637,26.248,24.0384
27.06.2022 00:00:00.000,26.313,26.773,26.302,26.623,26.3712
28.06.2022 00:00:00.000,26.667,26.847,26.512,26.523,21.5808
29.06.2022 00:00:00.000,26.093,26.277,25.782,26.142,24.3504
30.06.2022 00:00:00.000,25.742,25.943,25.522,25.898,28.7664
01.07.2022 00:00:00.000,25.512,26.088,25.463,25.947,24.7728
04.07.2022 00:00:00.000,26.127,26.253,25.862,25.917,12.2136
05.07.2022 00:00:00.000,26.053,26.177,25.312,25.567,23.688
06.07.2022 00:00:00.000,25.888,26.348,25.827,26.258,20.1
07.07.2022 00:00:00.000,26.493,26.688,26.282,26.668,18.6408
08.07.2022 00:00:00.000,26.632,27.008,26.447,26.953,19.8552
11.07.2022 00:00:00.000,26.618,26.973,26.597,26.753,16.5744
12.07.2022 00:00:00.000,26.477,26.668,26.247,26.527,17.0496
13.07.2022 00:00:00.000,26.377,26.432,25.832,26.267,21.5184
14.07.2022 00:00:00.000,26.258,26.393,25.657,25.807,28.212
15.07.2022 00:00:00.000,25.938,26.398,25.843,26.363,17.4048
18.07.2022 00:00:00.000,26.398,26.603,26.207,26.223,17.0928
19.07.2022 00:00:00.000,26.017,26.748,25.797,26.693,17.1744
20.07.2022 00:00:00.000,26.708,26.933,26.517,26.778,21.3816
21.07.2022 00:00:00.000,26.867,27.322,26.852,27.238,25.6008
22.07.2022 00:00:00.000,27.263,27.653,27.132,27.383,25.0824
25.07.2022 00:00:00.000,27.193,27.328,26.962,27.043,20.124
26.07.2022 00:00:00.000,27.058,27.113,26.788,26.882,13.8192
27.07.2022 00:00:00.000,26.917,27.378,26.817,27.263,17.2152
28.07.2022 00:00:00.000,27.458,27.527,26.943,27.527,20.5248
29.07.2022 00:00:00.000,27.762,28.173,27.722,28.093,18.8976
01.08.2022 00:00:00.000,28.102,28.377,28.007,28.252,17.6856
02.08.2022 00:00:00.000,28.007,28.103,27.698,28.002,23.2224
03.08.2022 00:00:00.000,27.778,28.413,27.767,28.362,19.308
04.08.2022 00:00:00.000,28.498,28.953,28.448,28.673,18.5136
05.08.2022 00:00:00.000,28.732,28.788,28.197,28.207,17.9328
08.08.2022 00:00:00.000,28.537,28.558,28.342,28.407,18.7128
09.08.2022 00:00:00.000,28.427,28.472,27.847,27.907,20.9112
10.08.2022 00:00:00.000,27.603,28.373,27.463,28.352,22.4184
11.08.2022 00:00:00.000,28.592,28.792,28.347,28.677,18.6624
12.08.2022 00:00:00.000,28.483,28.763,28.453,28.682,22.98
15.08.2022 00:00:00.000,28.792,28.812,28.543,28.608,16.4136
16.08.2022 00:00:00.000,28.603,28.773,28.327,28.543,15.276
17.08.2022 00:00:00.000,28.523,28.698,28.077,28.113,17.9496
18.08.2022 00:00:00.000,28.082,28.253,28.003,28.147,16.9608
19.08.2022 00:00:00.000,27.992,28.203,27.858,27.862,19.4352
22.08.2022 00:00:00.000,27.767,27.858,27.237,27.267,16.248
23.08.2022 00:00:00.000,27.058,27.263,26.867,26.907,15.6288
24.08.2022 00:00:00.000,26.758,27.258,26.632,27.252,14.0952
25.08.2022 00:00:00.000,27.473,27.572,27.287,27.432,12.8256
26.08.2022 00:00:00.000,27.557,27.608,26.672,26.718,22.1904
29.08.2022 00:00:00.000,26.333,26.543,26.297,26.342,21.6768
30.08.2022 00:00:00.000,26.442,26.808,26.297,26.367,21.4632
31.08.2022 00:00:00.000,26.603,26.673,26.213,26.227,24.012
01.09.2022 00:00:00.000,25.922,26.042,25.642,25.657,22.9488
02.09.2022 00:00:00.000,25.968,26.398,25.782,26.303,25.2432
05.09.2022 00:00:00.000,25.703,26.112,25.652,26.058,20.4864
06.09.2022 00:00:00.000,26.152,26.432,25.977,26.188,24.432
07.09.2022 00:00:00.000,26.012,26.348,25.907,26.317,24.6384
08.09.2022 00:00:00.000,26.527,26.582,25.887,26.517,27.1464
09.09.2022 00:00:00.000,26.672,27.053,26.658,26.987,21.4872
12.09.2022 00:00:00.000,27.008,27.323,26.903,27.238,16.6176
13.09.2022 00:00:00.000,27.342,27.468,26.397,26.412,24.2256
14.09.2022 00:00:00.000,26.312,26.633,26.072,26.253,19.6608
15.09.2022 00:00:00.000,26.352,26.468,25.952,26.032,20.3256
16.09.2022 00:00:00.000,25.642,25.718,25.152,25.283,21.6816
19.09.2022 00:00:00.000,25.003,25.303,24.837,25.222,17.8608
20.09.2022 00:00:00.000,25.158,25.333,24.762,24.908,19.4016
21.09.2022 00:00:00.000,24.667,25.203,24.648,25.168,20.556
22.09.2022 00:00:00.000,24.598,24.958,24.287,24.298,25.7112
23.09.2022 00:00:00.000,24.183,24.202,23.547,23.852,24.036
26.09.2022 00:00:00.000,23.722,24.158,23.708,23.803,29.8008
27.09.2022 00:00:00.000,23.998,24.313,23.852,23.872,31.6872
28.09.2022 00:00:00.000,23.678,23.967,23.313,23.933,34.8984
29.09.2022 00:00:00.000,23.743,23.803,23.263,23.358,31.9776
30.09.2022 00:00:00.000,23.502,24.033,23.433,23.977,24.8736
03.10.2022 00:00:00.000,23.693,24.383,23.567,24.343,28.8696
04.10.2022 00:00:00.000,24.732,25.368,24.687,25.363,27.1224
05.10.2022 00:00:00.000,25.357,25.528,24.972,25.072,29.7864
06.10.2022 00:00:00.000,25.243,25.348,25.008,25.178,24.3576
07.10.2022 00:00:00.000,24.947,25.128,24.502,24.523,21.6504
10.10.2022 00:00:00.000,24.217,24.652,24.157,24.257,23.292
11.10.2022 00:00:00.000,24.132,24.373,23.822,24.137,26.8752
12.10.2022 00:00:00.000,24.018,24.243,23.868,23.947,26.3832
13.10.2022 00:00:00.000,23.678,24.192,23.212,24.172,27.9
14.10.2022 00:00:00.000,24.622,24.848,24.188,24.413,35.1216
17.10.2022 00:00:00.000,24.433,24.968,24.252,24.807,22.7232
18.10.2022 00:00:00.000,25.117,25.457,25.027,25.157,23.2344
19.10.2022 00:00:00.000,24.878,24.948,24.368,24.407,27.5736
20.10.2022 00:00:00.000,24.357,24.733,24.097,24.673,23.532
21.10.2022 00:00:00.000,24.382,24.702,24.217,24.522,35.808
24.10.2022 00:00:00.000,24.793,25.038,24.577,24.887,30.6984
25.10.2022 00:00:00.000,25.023,25.668,24.958,25.607,23.5128
26.10.2022 00:00:00.000,25.437,25.933,25.372,25.908,25.5168
27.10.2022 00:00:00.000,25.633,25.718,25.102,25.543,31.5096
28.10.2022 00:00:00.000,25.361,25.602,25.201,25.548,23.508
31.10.2022 00:00:00.000,25.638,25.688,25.457,25.542,19.944
01.11.2022 00:00:00.000,25.763,25.968,25.497,25.598,22.836
02.11.2022 00:00:00.000,25.637,25.793,25.457,25.468,18.7752
03.11.2022 00:00:00.000,25.127,25.398,24.902,25.102,30.5856
04.11.2022 00:00:00.000,25.153,25.633,25.067,25.423,25.1616
07.11.2022 00:00:00.000,25.342,25.693,25.282,25.568,22.836
08.11.2022 00:00:00.000,25.548,26.392,25.538,26.353,20.28
09.11.2022 00:00:00.000,26.252,26.488,26.092,26.382,24.696
10.11.2022 00:00:00.000,25.986,27.527,25.907,27.492,23.892
11.11.2022 00:00:00.000,27.608,27.762,27.377,27.718,28.7736
14.11.2022 00:00:00.000,27.672,28.118,27.628,27.948,18.1344
15.11.2022 00:00:00.000,28.003,28.328,27.867,28.017,22.1088
16.11.2022 00:00:00.000,27.997,28.103,27.497,27.602,25.9824
17.11.2022 00:00:00.000,27.757,27.823,27.322,27.597,20.7384
18.11.2022 00:00:00.000,27.553,27.888,27.408,27.798,21.2256
21.11.2022 00:00:00.000,27.702,27.892,27.537,27.723,18.1752
22.11.2022 00:00:00.000,27.427,27.743,27.392,27.713,16.7904
23.11.2022 00:00:00.000,27.612,27.858,27.467,27.828,17.388
24.11.2022 00:00:00.000,27.768,28.123,27.738,28.062,15.396
25.11.2022 00:00:00.000,27.963,28.043,27.887,27.967,16.0056
28.11.2022 00:00:00.000,27.817,27.928,27.507,27.578,14.1096
29.11.2022 00:00:00.000,27.503,27.572,27.122,27.137,20.0088
30.11.2022 00:00:00.000,27.202,27.578,27.202,27.508,15.2568
01.12.2022 00:00:00.000,28.172,28.288,27.852,28.072,26.8128
02.12.2022 00:00:00.000,27.982,28.348,27.717,28.118,14.7384
05.12.2022 00:00:00.000,27.977,28.047,27.812,27.932,9.444
06.12.2022 00:00:00.000,27.807,27.858,27.203,27.318,11.9448
07.12.2022 00:00:00.000,27.178,27.373,27.087,27.173,10.596
08.12.2022 00:00:00.000,27.233,27.363,26.977,27.283,9.3672
09.12.2022 00:00:00.000,27.213,27.473,27.028,27.278,16.752
12.12.2022 00:00:00.000,27.137,27.413,27.072,27.377,8.28
13.12.2022 00:00:00.000,27.528,28.193,27.227,27.712,24.252
14.12.2022 00:00:00.000,27.528,27.678,27.418,27.627,12.2592
15.12.2022 00:00:00.000,27.363,27.398,26.662,26.713,24.5136
16.12.2022 00:00:00.000,26.643,26.678,26.103,26.263,16.6488
19.12.2022 00:00:00.000,26.313,26.513,26.243,26.297,10.1592
20.12.2022 00:00:00.000,25.977,26.183,25.892,26.003,11.556
21.12.2022 00:00:00.000,26.157,26.423,26.107,26.393,7.092
22.12.2022 00:00:00.000,26.397,26.513,25.982,26.033,9.8448
23.12.2022 00:00:00.000,26.072,26.223,25.837,26.018,9.8976
27.12.2022 00:00:00.000,26.078,26.232,25.922,26.003,7.7688
28.12.2022 00:00:00.000,25.962,26.133,25.888,25.973,6.2112
29.12.2022 00:00:00.000,25.888,26.438,25.858,26.423,6.0624
30.12.2022 00:00:00.000,26.367,26.423,26.172,26.203,3.288
02.01.2023 00:00:00.000,26.263,26.268,25.952,26.067,5.1696
03.01.2023 00:00:00.000,26.028,26.618,26.022,26.368,15.9024
04.01.2023 00:00:00.000,26.433,26.918,26.358,26.842,19.236
05.01.2023 00:00:00.000,26.823,27.007,26.488,26.908,14.5128
06.01.2023 00:00:00.000,26.923,27.172,26.508,27.102,18.228
09.01.2023 00:00:00.000,27.233,27.713,27.157,27.702,15.1968
10.01.2023 00:00:00.000,27.473,27.793,27.468,27.738,13.4616
11.01.2023 00:00:00.000,27.897,28.323,27.882,28.192,17.2512
12.01.2023 00:00:00.000,28.097,28.473,28.002,28.318,20.4984
13.01.2023 00:00:00.000,28.402,28.713,28.362,28.638,14.82
16.01.2023 00:00:00.000,28.682,28.848,28.672,28.808,10.7952
17.01.2023 00:00:00.000,28.742,28.908,28.497,28.767,18.9048
18.01.2023 00:00:00.000,28.897,28.983,28.707,28.742,22.1688
19.01.2023 00:00:00.000,28.598,28.708,28.058,28.172,18.2592
20.01.2023 00:00:00.000,28.163,28.303,28.072,28.248,12.8976
23.01.2023 00:00:00.000,28.373,28.678,28.287,28.643,15.9072
24.01.2023 00:00:00.000,28.722,28.732,28.327,28.437,14.1528
25.01.2023 00:00:00.000,28.277,28.328,27.957,28.257,13.3248
26.01.2023 00:00:00.000,28.633,28.798,28.147,28.658,20.184
27.01.2023 00:00:00.000,28.542,28.728,28.482,28.677,14.3832
30.01.2023 00:00:00.000,28.523,28.633,28.192,28.552,15.2328
31.01.2023 00:00:00.000,28.378,28.523,28.197,28.452,9.7944
01.02.2023 00:00:00.000,28.423,28.698,28.397,28.577,13.5024
02.02.2023 00:00:00.000,29.327,29.853,29.227,29.833,21.7032
03.02.2023 00:00:00.000,29.597,29.913,29.422,29.868,19.9032
06.02.2023 00:00:00.000,29.622,29.803,29.508,29.608,7.2096
07.02.2023 00:00:00.000,29.597,29.618,29.343,29.528,6.3384
08.02.2023 00:00:00.000,29.813,29.938,29.517,29.537,6.2784
09.02.2023 00:00:00.000,29.647,29.788,29.463,29.483,7.536
10.02.2023 00:00:00.000,29.198,29.327,28.898,29.023,8.7768
13.02.2023 00:00:00.000,28.998,29.258,28.937,29.257,5.6688
14.02.2023 00:00:00.000,29.273,29.652,29.127,29.292,9.6528
15.02.2023 00:00:00.000,29.298,29.463,29.247,29.463,5.1
16.02.2023 00:00:00.000,29.563,29.668,29.227,29.407,8.856
17.02.2023 00:00:00.000,29.018,29.342,28.868,29.238,6.7896
20.02.2023 00:00:00.000,29.298,29.313,29.092,29.243,3.192
21.02.2023 00:00:00.000,29.103,29.212,28.817,28.987,13.1928
22.02.2023 00:00:00.000,28.863,29.043,28.723,28.917,6.7104
23.02.2023 00:00:00.000,29.078,29.343,29.023,29.143,5.5896
24.02.2023 00:00:00.000,29.192,29.278,28.647,28.782,9.0456
27.02.2023 00:00:00.000,28.798,29.058,28.767,28.947,4.356
28.02.2023 00:00:00.000,28.877,28.938,28.657,28.718,9.1416
01.03.2023 00:00:00.000,28.793,29.008,28.602,28.663,8.1336
02.03.2023 00:00:00.000,28.242,28.653,28.242,28.628,8.7144
03.03.2023 00:00:00.000,28.948,29.082,28.872,29.047,5.9472
06.03.2023 00:00:00.000,29.097,29.348,29.057,29.307,5.4528
07.03.2023 00:00:00.000,29.222,29.612,29.137,29.168,5.2416
08.03.2023 00:00:00.000,29.053,29.268,29.043,29.243,4.5792
09.03.2023 00:00:00.000,29.113,29.363,28.968,29.348,7.0344
10.03.2023 00:00:00.000,28.988,29.293,28.862,29.047,10.3056
13.03.2023 00:00:00.000,29.042,29.042,28.288,28.602,16.5528
14.03.2023 00:00:00.000,28.732,29.218,28.538,29.083,9.7344
15.03.2023 00:00:00.000,29.042,29.073,28.197,28.387,14.7864
16.03.2023 00:00:00.000,28.752,29.043,28.297,29.012,10.3536
17.03.2023 00:00:00.000,29.257,29.328,28.677,28.827,9.1224
20.03.2023 00:00:00.000,28.542,28.948,28.202,28.803,8.676
21.03.2023 00:00:00.000,28.943,29.087,28.887,28.963,8.5872
22.03.2023 00:00:00.000,28.922,29.033,28.838,28.868,4.74
23.03.2023 00:00:00.000,28.842,29.283,28.842,29.263,5.6496
24.03.2023 00:00:00.000,29.118,29.248,28.662,28.793,15.9336
27.03.2023 00:00:00.000,29.108,29.308,28.968,29.167,8.7984
28.03.2023 00:00:00.000,29.297,29.317,28.742,28.822,6.8976
29.03.2023 00:00:00.000,29.098,29.183,28.948,29.133,7.0392
30.03.2023 00:00:00.000,29.343,29.738,29.272,29.718,6.4224
31.03.2023 00:00:00.000,29.682,29.823,29.407,29.747,10.5768
03.04.2023 00:00:00.000,29.662,29.728,29.317,29.387,8.6232
04.04.2023 00:00:00.000,29.488,29.607,29.407,29.442,4.8648
05.04.2023 00:00:00.000,29.367,29.558,29.347,29.458,6.9816
06.04.2023 00:00:00.000,29.422,29.708,29.422,29.682,5.1144
11.04.2023 00:00:00.000,29.747,29.768,29.478,29.573,6.3288
12.04.2023 00:00:00.000,29.542,29.903,29.422,29.533,8.3472
13.04.2023 00:00:00.000,29.478,29.688,29.462,29.662,6.4416
14.04.2023 00:00:00.000,29.832,29.907,29.587,29.603,7.5912
17.04.2023 00:00:00.000,29.738,29.953,29.697,29.703,6.228
18.04.2023 00:00:00.000,29.767,29.953,29.627,29.682,5.7936
19.04.2023 00:00:00.000,29.502,29.593,29.382,29.432,5.3496
20.04.2023 00:00:00.000,29.102,29.113,28.492,28.982,6.264
21.04.2023 00:00:00.000,28.833,29.282,28.777,29.227,6.4896
24.04.2023 00:00:00.000,29.433,29.657,29.377,29.498,3.9576
25.04.2023 00:00:00.000,29.388,29.517,29.217,29.277,5.3928
26.04.2023 00:00:00.000,29.023,29.123,28.847,29.088,6.5976
27.04.2023 00:00:00.000,29.063,29.162,28.892,29.052,5.5608
28.04.2023 00:00:00.000,29.203,29.263,28.932,29.178,7.0032
02.05.2023 00:00:00.000,29.377,29.458,29.052,29.078,7.0512
03.05.2023 00:00:00.000,29.078,29.183,28.953,29.177,8.6352
04.05.2023 00:00:00.000,28.917,29.293,28.862,29.262,12.2784
05.05.2023 00:00:00.000,29.278,29.343,29.062,29.298,8.1024
08.05.2023 00:00:00.000,29.333,29.392,29.252,29.312,4.9224
09.05.2023 00:00:00.000,29.153,29.258,28.847,28.912,7.6296
10.05.2023 00:00:00.000,28.642,28.912,28.463,28.862,7.4928
11.05.2023 00:00:00.000,28.933,29.023,28.508,28.772,11.7576
12.05.2023 00:00:00.000,28.797,28.847,28.673,28.807,5.3184
15.05.2023 00:00:00.000,28.953,29.013,28.837,28.893,3.5232
16.05.2023 00:00:00.000,28.802,29.023,28.802,28.918,3.6144
17.05.2023 00:00:00.000,28.843,28.923,28.623,28.692,2.556
18.05.2023 00:00:00.000,28.927,29.207,28.927,29.143,4.1976
19.05.2023 00:00:00.000,29.267,29.438,29.197,29.397,2.4456
22.05.2023 00:00:00.000,29.197,29.308,29.082,29.258,5.2872
23.05.2023 00:00:00.000,29.253,29.412,29.138,29.138,2.94
24.05.2023 00:00:00.000,28.803,28.913,28.482,28.497,4.7568
25.05.2023 00:00:00.000,28.627,28.652,28.462,28.472,4.0272
26.05.2023 00:00:00.000,28.487,28.883,28.393,28.813,5.2368
29.05.2023 00:00:00.000,28.863,28.968,28.772,28.773,1.4472
30.05.2023 00:00:00.000,28.868,29.038,28.702,28.722,4.4712
31.05.2023 00:00:00.000,28.412,28.747,28.412,28.507,5.22
01.06.2023 00:00:00.000,28.698,28.908,28.678,28.897,5.1888
02.06.2023 00:00:00.000,29.013,29.203,28.822,28.913,5.5656
05.06.2023 00:00:00.000,28.937,28.982,28.747,28.792,3.492
06.06.2023 00:00:00.000,28.727,28.848,28.702,28.797,3.8184
07.06.2023 00:00:00.000,28.732,28.873,28.657,28.678,4.0032
08.06.2023 00:00:00.000,28.397,28.608,28.293,28.577,4.9584
09.06.2023 00:00:00.000,28.582,28.683,28.498,28.522,3.1656
12.06.2023 00:00:00.000,28.677,28.843,28.657,28.798,3.9864
13.06.2023 00:00:00.000,29.012,29.072,28.747,29.003,3.864
14.06.2023 00:00:00.000,28.902,29.043,28.857,29.033,6.5208
15.06.2023 00:00:00.000,28.937,29.053,28.632,29.022,7.02
16.06.2023 00:00:00.000,29.148,29.353,29.097,29.202,8.46
19.06.2023 00:00:00.000,28.673,28.733,28.517,28.597,6.3264
20.06.2023 00:00:00.000,28.402,28.472,28.258,28.278,6.2304
21.06.2023 00:00:00.000,28.193,28.342,28.073,28.108,7.0872
22.06.2023 00:00:00.000,27.898,28.212,27.862,28.188,7.6344
23.06.2023 00:00:00.000,27.982,28.278,27.932,28.118,8.4072
26.06.2023 00:00:00.000,28.192,28.217,27.897,27.943,8.2368
27.06.2023 00:00:00.000,27.872,27.928,27.597,27.652,6.756
28.06.2023 00:00:00.000,27.802,28.103,27.772,28.078,5.5488
29.06.2023 00:00:00.000,28.047,28.143,27.842,28.022,6.1152
30.06.2023 00:00:00.000,28.098,28.613,28.098,28.588,6.0336
03.07.2023 00:00:00.000,28.632,28.632,28.327,28.347,8.496
04.07.2023 00:00:00.000,28.242,28.498,28.242,28.413,3.948
05.07.2023 00:00:00.000,28.197,28.287,28.157,28.173,6.1344
06.07.2023 00:00:00.000,27.918,28.003,27.512,27.548,9.84
07.07.2023 00:00:00.000,27.352,27.743,27.302,27.618,8.2872
10.07.2023 00:00:00.000,27.538,27.778,27.458,27.718,5.3616
11.07.2023 00:00:00.000,27.923,28.017,27.827,27.882,4.68
12.07.2023 00:00:00.000,27.998,28.418,27.842,28.382,6.9696
13.07.2023 00:00:00.000,28.472,28.743,28.472,28.637,5.604
14.07.2023 00:00:00.000,28.628,28.843,28.622,28.707,4.8768
17.07.2023 00:00:00.000,28.443,28.628,28.322,28.537,3.924
18.07.2023 00:00:00.000,28.457,28.553,28.407,28.533,5.0304
19.07.2023 00:00:00.000,28.712,28.817,28.637,28.747,5.4816
20.07.2023 00:00:00.000,28.553,28.688,28.402,28.637,5.436
21.07.2023 00:00:00.000,28.277,28.778,28.277,28.768,8.3544
24.07.2023 00:00:00.000,28.708,28.978,28.708,28.832,5.6592
25.07.2023 00:00:00.000,28.697,29.113,28.687,29.068,6.432
26.07.2023 00:00:00.000,29.008,29.053,28.617,28.837,7.632
27.07.2023 00:00:00.000,29.022,29.828,29.022,29.567,7.5264
28.07.2023 00:00:00.000,29.282,29.512,29.253,29.463,7.1304
31.07.2023 00:00:00.000,29.438,29.763,29.398,29.678,5.712
01.08.2023 00:00:00.000,29.637,29.708,29.473,29.482,8.2128
02.08.2023 00:00:00.000,28.952,29.108,28.752,28.842,9.8784
03.08.2023 00:00:00.000,28.353,28.643,28.322,28.492,9.0336
04.08.2023 00:00:00.000,28.382,28.437,28.028,28.353,9.0024
07.08.2023 00:00:00.000,28.257,28.478,28.153,28.188,3.9048
08.08.2023 00:00:00.000,28.057,28.143,27.812,27.833,5.6304
09.08.2023 00:00:00.000,28.063,28.273,27.932,27.948,9.1176
10.08.2023 00:00:00.000,28.033,28.323,27.923,28.142,12.2256
11.08.2023 00:00:00.000,28.062,28.163,27.862,27.892,6.5424
14.08.2023 00:00:00.000,27.882,28.093,27.868,28.037,7.488
15.08.2023 00:00:00.000,28.092,28.123,27.747,27.832,6.288
16.08.2023 00:00:00.000,27.747,27.863,27.747,27.803,5.1096
17.08.2023 00:00:00.000,27.573,27.713,27.442,27.443,5.9448
18.08.2023 00:00:00.000,27.297,27.363,27.033,27.283,3.24
21.08.2023 00:00:00.000,27.298,27.502,27.222,27.222,4.4472
22.08.2023 00:00:00.000,27.387,27.693,27.382,27.622,4.8432
23.08.2023 00:00:00.000,27.732,27.842,27.587,27.812,5.7072
24.08.2023 00:00:00.000,28.153,28.172,27.507,27.553,8.0328
25.08.2023 00:00:00.000,27.422,27.658,27.422,27.478,7.5456
28.08.2023 00:00:00.000,27.693,27.842,27.582,27.803,4.8216
29.08.2023 00:00:00.000,27.878,28.163,27.807,28.128,4.8768
30.08.2023 00:00:00.000,28.123,28.193,27.953,28.122,6.3096
31.08.2023 00:00:00.000,28.222,28.488,28.192,28.347,6.1248
01.09.2023 00:00:00.000,28.213,28.353,28.088,28.157,12.816
04.09.2023 00:00:00.000,28.203,28.378,28.112,28.122,4.416
05.09.2023 00:00:00.000,28.077,28.178,27.972,28.013,6.3936
06.09.2023 00:00:00.000,27.932,28.033,27.802,27.872,5.4696
07.09.2023 00:00:00.000,27.663,27.833,27.563,27.703,6.3648
08.09.2023 00:00:00.000,27.727,27.838,27.472,27.543,9.744
11.09.2023 00:00:00.000,27.583,27.763,27.522,27.613,5.9232
12.09.2023 00:00:00.000,27.597,27.622,27.357,27.407,8.472
13.09.2023 00:00:00.000,27.242,27.483,27.187,27.468,6.4152
14.09.2023 00:00:00.000,27.552,27.773,27.357,27.753,6.8448
15.09.2023 00:00:00.000,28.087,28.098,27.732,27.753,6.8616
18.09.2023 00:00:00.000,27.647,27.648,27.212,27.233,9.7752
19.09.2023 00:00:00.000,27.032,27.168,26.837,26.892,8.724
20.09.2023 00:00:00.000,27.018,27.383,27.018,27.332,4.7376
21.09.2023 00:00:00.000,27.073,27.198,26.792,26.823,10.728
22.09.2023 00:00:00.000,26.692,26.973,26.607,26.942,7.6968
25.09.2023 00:00:00.000,26.797,26.933,26.527,26.688,10.788
26.09.2023 00:00:00.000,26.538,26.648,26.402,26.432,11.28
27.09.2023 00:00:00.000,26.387,26.588,26.362,26.418,5.7816
28.09.2023 00:00:00.000,26.462,26.648,26.362,26.627,9.7728
29.09.2023 00:00:00.000,26.893,27.148,26.803,26.927,8.4192
02.10.2023 00:00:00.000,26.998,27.078,26.547,26.678,5.208
03.10.2023 00:00:00.000,26.583,26.673,26.362,26.412,8.1816
04.10.2023 00:00:00.000,26.103,26.628,26.103,26.592,6.4128
05.10.2023 00:00:00.000,26.753,26.898,26.502,26.537,10.056
06.10.2023 00:00:00.000,26.603,26.788,26.302,26.722,6.8496
09.10.2023 00:00:00.000,26.647,26.783,26.442,26.503,7.4016
10.10.2023 00:00:00.000,26.652,27.128,26.652,27.098,5.8728
11.10.2023 00:00:00.000,27.008,27.257,26.962,27.037,5.1168
12.10.2023 00:00:00.000,27.173,27.243,26.958,27.052,5.8584
13.10.2023 00:00:00.000,26.703,26.707,26.257,26.277,8.9712
16.10.2023 00:00:00.000,26.137,26.283,26.032,26.207,8.268
17.10.2023 00:00:00.000,26.147,26.308,25.877,26.202,10.188
18.10.2023 00:00:00.000,26.037,26.208,25.907,25.948,7.0656
19.10.2023 00:00:00.000,26.033,26.233,25.777,25.792,8.892
20.10.2023 00:00:00.000,25.352,25.573,25.317,25.373,8.364
23.10.2023 00:00:00.000,25.332,25.422,24.977,25.318,8.8992
24.10.2023 00:00:00.000,25.488,25.642,25.227,25.582,6.396
25.10.2023 00:00:00.000,25.558,25.617,25.137,25.302,10.5288
26.10.2023 00:00:00.000,24.883,25.427,24.867,25.267,9.9648
27.10.2023 00:00:00.000,25.228,25.352,25.083,25.213,7.2432
30.10.2023 00:00:00.000,25.368,25.427,24.837,24.868,6.468
31.10.2023 00:00:00.000,24.947,25.398,24.947,25.327,7.716
01.11.2023 00:00:00.000,25.402,25.523,25.277,25.468,7.4472
02.11.2023 00:00:00.000,25.723,26.233,25.702,25.958,6.2592
03.11.2023 00:00:00.000,26.053,26.498,26.053,26.338,5.5344
06.11.2023 00:00:00.000,26.357,26.388,26.133,26.217,4.956
07.11.2023 00:00:00.000,26.038,26.523,26.032,26.448,4.7592
08.11.2023 00:00:00.000,26.527,26.803,26.477,26.652,4.836
09.11.2023 00:00:00.000,26.668,26.937,26.587,26.908,4.3128
10.11.2023 00:00:00.000,26.632,26.663,26.402,26.508,4.7544
13.11.2023 00:00:00.000,26.528,26.718,26.502,26.637,2.6856
14.11.2023 00:00:00.000,26.627,27.382,26.627,27.357,5.8608
15.11.2023 00:00:00.000,27.328,27.748,27.327,27.653,5.2104
16.11.2023 00:00:00.000,27.622,27.692,27.522,27.547,4.0392
17.11.2023 00:00:00.000,27.622,27.853,27.622,27.678,3.2376
20.11.2023 00:00:00.000,27.688,27.948,27.687,27.908,3.1752
21.11.2023 00:00:00.000,27.842,27.862,27.667,27.698,3.8688
22.11.2023 00:00:00.000,27.662,28.003,27.648,27.973,6.588
23.11.2023 00:00:00.000,27.928,27.963,27.807,27.962,1.5696
24.11.2023 00:00:00.000,27.893,27.952,27.792,27.938,3.192
27.11.2023 00:00:00.000,27.892,28.088,27.852,27.888,4.6032
28.11.2023 00:00:00.000,27.792,27.888,27.702,27.888,5.0832
29.11.2023 00:00:00.000,28.008,28.472,28.008,28.397,4.7784
30.11.2023 00:00:00.000,28.467,28.563,28.277,28.457,7.2312
01.12.2023 00:00:00.000,28.477,28.587,28.342,28.552,6.7104
04.12.2023 00:00:00.000,28.528,28.727,28.282,28.367,5.6568
05.12.2023 00:00:00.000,28.322,28.533,28.288,28.462,7.5096
06.12.2023 00:00:00.000,28.592,28.818,28.493,28.772,4.4736
07.12.2023 00:00:00.000,28.597,28.728,28.512,28.672,4.4184
08.12.2023 00:00:00.000,28.708,28.993,28.702,28.927,5.0328
11.12.2023 00:00:00.000,28.898,29.113,28.892,29.102,7.4112
12.12.2023 00:00:00.000,29.088,29.352,29.083,29.257,7.8336
13.12.2023 00:00:00.000,29.248,29.357,29.138,29.217,7.5264
14.12.2023 00:00:00.000,29.853,29.853,29.393,29.583,7.2624
15.12.2023 00:00:00.000,29.703,29.838,29.498,29.632,7.6584
18.12.2023 00:00:00.000,29.497,29.637,29.392,29.417,6.4344
19.12.2023 00:00:00.000,29.562,29.683,29.557,29.653,6.3144
20.12.2023 00:00:00.000,29.697,29.718,29.513,29.682,7.1328
21.12.2023 00:00:00.000,29.498,29.603,29.402,29.577,2.868
22.12.2023 00:00:00.000,29.512,29.613,29.348,29.567,7.5456
27.12.2023 00:00:00.000,29.582,29.787,29.457,29.703,3.9936
28.12.2023 00:00:00.000,29.723,29.793,29.527,29.638,3.6864
29.12.2023 00:00:00.000,29.643,29.738,29.642,29.672,2.436
02.01.2024 00:00:00.000,29.868,30.033,29.447,29.553,7.3248
03.01.2024 00:00:00.000,29.417,29.548,28.893,28.993,8.1864
04.01.2024 00:00:00.000,28.788,28.873,28.392,28.703,10.1448
05.01.2024 00:00:00.000,28.543,28.763,28.353,28.713,8.3424
08.01.2024 00:00:00.000,28.793,29.118,28.583,29.093,6.6672
09.01.2024 00:00:00.000,29.123,29.228,28.843,29.158,6.5208
10.01.2024 00:00:00.000,29.092,29.118,28.867,29.012,5.476799999999999
11.01.2024 00:00:00.000,29.163,29.243,28.782,28.803,10.005600000000001
12.01.2024 00:00:00.000,29.028,29.273,28.992,29.123,6.0192000000000005
15.01.2024 00:00:00.000,29.058,29.163,28.937,28.983,4.476
16.01.2024 00:00:00.000,28.618,29.073,28.593,28.992,5.8848
17.01.2024 00:00:00.000,28.713,28.758,28.532,28.662,7.812
18.01.2024 00:00:00.000,28.853,29.083,28.787,29.077,5.9064
19.01.2024 00:00:00.000,29.218,29.218,28.958,29.063,5.4216
22.01.2024 00:00:00.000,29.288,29.473,29.183,29.407,4.104
23.01.2024 00:00:00.000,29.457,29.477,29.252,29.282,3.0168
24.01.2024 00:00:00.000,29.532,29.813,29.498,29.702,6.5904
25.01.2024 00:00:00.000,29.562,29.748,29.497,29.693,3.9048000000000003
26.01.2024 00:00:00.000,29.722,29.883,29.627,29.882,4.9632000000000005
29.01.2024 00:00:00.000,29.658,29.773,29.532,29.703,5.5392
30.01.2024 00:00:00.000,29.862,29.918,29.677,29.813,2.5368
31.01.2024 00:00:00.000,29.717,29.862,29.672,29.723,3.6624
01.02.2024 00:00:00.000,29.783,29.908,29.667,29.768,2.7432000000000003
02.02.2024 00:00:00.000,29.987,30.018,29.547,29.558,8.9472
05.02.2024 00:00:00.000,29.583,29.803,29.507,29.752,4.8864
06.02.2024 00:00:00.000,29.812,30.217,29.642,30.192,6.6864
07.02.2024 00:00:00.000,30.197,30.208,29.882,30.013,9.1104
08.02.2024 00:00:00.000,30.117,30.403,30.077,30.267,7.5168
09.02.2024 00:00:00.000,30.392,30.483,30.283,30.383,5.1456
12.02.2024 00:00:00.000,30.477,30.558,30.373,30.488,4.0968
13.02.2024 00:00:00.000,30.303,30.332,29.743,29.952,5.2464
14.02.2024 00:00:00.000,29.937,30.123,29.877,30.093,1.9152
15.02.2024 00:00:00.000,30.283,30.298,30.087,30.128,3.9144
16.02.2024 00:00:00.000,30.292,30.442,30.057,30.318,5.239199999999999
19.02.2024 00:00:00.000,30.107,30.158,29.998,30.127,2.196
20.02.2024 00:00:00.000,30.017,30.028,29.743,29.908,3.444
21.02.2024 00:00:00.000,29.837,29.893,29.552,29.687,5.5416
22.02.2024 00:00:00.000,30.253,30.398,30.083,30.293,6.352799999999999
23.02.2024 00:00:00.000,30.217,30.283,30.132,30.188,4.7784
26.02.2024 00:00:00.000,30.138,30.298,30.122,30.217,2.9136
27.02.2024 00:00:00.000,30.213,30.478,30.148,30.448,3.6144000000000003
28.02.2024 00:00:00.000,30.392,30.437,30.052,30.148,3.9551999999999996
29.02.2024 00:00:00.000,29.998,30.318,29.752,30.167,5.985599999999999
01.03.2024 00:00:00.000,30.362,30.478,30.122,30.477,5.920800000000001
04.03.2024 00:00:00.000,30.578,30.628,30.508,30.587,3.2424000000000004
05.03.2024 00:00:00.000,30.473,30.678,30.392,30.443,4.3728
06.03.2024 00:00:00.000,30.452,30.658,30.417,30.658,4.008
07.03.2024 00:00:00.000,30.548,31.022,30.422,31.002,3.9935999999999994
08.03.2024 00:00:00.000,30.883,30.987,30.708,30.813,3.0408
11.03.2024 00:00:00.000,30.498,30.623,30.398,30.503,4.128
12.03.2024 00:00:00.000,30.613,30.858,30.428,30.812,2.892000000000001
13.03.2024 00:00:00.000,30.773,30.813,30.542,30.562,3.7152000000000003
14.03.2024 00:00:00.000,30.692,30.702,30.322,30.437,3.6672000000000002
15.03.2024 00:00:00.000,30.348,30.433,30.077,30.093,13.1112
18.03.2024 00:00:00.000,30.153,30.222,30.018,30.082,4.125600000000001
19.03.2024 00:00:00.000,30.002,30.152,29.918,30.148,3.0119999999999996
20.03.2024 00:00:00.000,30.133,30.178,29.893,29.937,6.1488000000000005
21.03.2024 00:00:00.000,30.257,30.418,30.072,30.378,6.18
22.03.2024 00:00:00.000,30.293,30.473,30.272,30.412,3.3504
25.03.2024 00:00:00.000,30.483,30.508,30.297,30.397,7.32
26.03.2024 00:00:00.000,30.398,30.648,30.343,30.648,4.0056
27.03.2024 00:00:00.000,30.567,30.818,30.567,30.728,9.537600000000001
28.03.2024 00:00:00.000,30.728,30.758,30.572,30.707,6.055199999999999
02.04.2024 00:00:00.000,30.623,30.838,30.137,30.213,9.964799999999999
03.04.2024 00:00:00.000,30.273,30.293,30.067,30.268,10.7424
04.04.2024 00:00:00.000,30.238,30.348,30.107,30.308,7.797599999999999
05.04.2024 00:00:00.000,29.882,30.003,29.797,29.942,13.5768
08.04.2024 00:00:00.000,29.968,30.228,29.953,30.217,13.953
09.04.2024 00:00:00.000,30.098,30.258,29.993,30.113,11.030999999999999
10.04.2024 00:00:00.000,30.217,30.353,29.857,30.078,10.164
11.04.2024 00:00:00.000,29.968,30.028,29.618,29.772,19.599
12.04.2024 00:00:00.000,30.088,30.163,29.452,29.498,8.952
15.04.2024 00:00:00.000,29.542,29.917,29.472,29.582,8.134899999999998
16.04.2024 00:00:00.000,29.188,29.373,29.127,29.227,15.1725
17.04.2024 00:00:00.000,29.102,29.188,28.922,28.977,11.0807
18.04.2024 00:00:00.000,28.692,28.718,28.198,28.512,11.549
19.04.2024 00:00:00.000,28.163,28.413,28.142,28.283,12.9901
22.04.2024 00:00:00.000,28.443,28.653,28.402,28.562,21.353199999999998
23.04.2024 00:00:00.000,28.923,29.203,28.842,29.188,14.113000000000001
24.04.2024 00:00:00.000,29.472,29.498,29.257,29.303,13.2855
25.04.2024 00:00:00.000,29.052,29.308,28.902,29.003,17.095800000000004
26.04.2024 00:00:00.000,29.267,29.562,29.178,29.492,10.5688
29.04.2024 00:00:00.000,29.522,29.618,29.347,29.392,8.9456
30.04.2024 00:00:00.000,29.378,29.388,29.007,29.048,10.0253
02.05.2024 00:00:00.000,28.942,29.023,28.722,28.788,6.978199999999999
03.05.2024 00:00:00.000,28.922,29.248,28.827,29.017,24.958099999999998
06.05.2024 00:00:00.000,29.008,29.253,28.937,29.208,6.108899999999999
07.05.2024 00:00:00.000,29.218,29.808,29.217,29.802,11.052900000000001
08.05.2024 00:00:00.000,29.772,29.898,29.623,29.712,9.065900000000001
09.05.2024 00:00:00.000,29.717,30.023,29.658,29.983,8.1483
10.05.2024 00:00:00.000,30.112,30.273,30.067,30.152,6.8349
13.05.2024 00:00:00.000,30.233,30.233,30.077,30.107,11.419599999999999
14.05.2024 00:00:00.000,30.193,30.378,29.918,30.332,7.344899999999999
15.05.2024 00:00:00.000,30.462,30.743,30.372,30.708,8.5508
16.05.2024 00:00:00.000,30.757,30.813,30.512,30.562,19.2307
17.05.2024 00:00:00.000,30.423,30.453,30.202,30.413,28.298199999999998
20.05.2024 00:00:00.000,30.428,30.738,30.422,30.623,6.953099999999999
21.05.2024 00:00:00.000,30.578,30.623,30.332,30.433,9.3507
22.05.2024 00:00:00.000,30.377,30.648,30.357,30.612,29.6563
23.05.2024 00:00:00.000,30.753,30.788,30.468,30.557,32.042
24.05.2024 00:00:00.000,30.288,30.463,30.212,30.442,6.858300000000001
27.05.2024 00:00:00.000,30.403,30.538,30.398,30.488,5.380799999999999
28.05.2024 00:00:00.000,30.522,30.598,30.218,30.257,11.637699999999999
29.05.2024 00:00:00.000,30.187,30.232,29.773,29.827,8.959100000000001
30.05.2024 00:00:00.000,29.613,29.848,29.417,29.773,30.512
31.05.2024 00:00:00.000,29.527,29.727,29.478,29.612,7.3663
03.06.2024 00:00:00.000,29.877,30.048,29.662,29.863,6.2776000000000005
04.06.2024 00:00:00.000,29.682,30.017,29.658,29.803,13.220899999999999
05.06.2024 00:00:00.000,29.967,30.327,29.902,30.297,10.4576
06.06.2024 00:00:00.000,30.552,30.818,30.232,30.542,10.965300000000001
07.06.2024 00:00:00.000,30.557,30.673,30.387,30.652,8.3023
10.06.2024 00:00:00.000,30.443,30.587,30.372,30.587,4.9166
11.06.2024 00:00:00.000,30.563,30.673,30.272,30.388,8.795900000000001
12.06.2024 00:00:00.000,30.422,30.793,30.297,30.693,7.456900000000001
13.06.2024 00:00:00.000,30.678,30.753,30.153,30.153,6.64
14.06.2024 00:00:00.000,30.148,30.223,29.672,29.727,11.4714
17.06.2024 00:00:00.000,29.798,29.983,29.453,29.488,9.1734
18.06.2024 00:00:00.000,29.618,29.673,29.447,29.583,6.9526
19.06.2024 00:00:00.000,29.378,29.378,28.992,28.997,23.9019
20.06.2024 00:00:00.000,29.057,29.358,29.057,29.323,19.1841
21.06.2024 00:00:00.000,29.212,29.312,28.998,29.153,8.2136
24.06.2024 00:00:00.000,29.117,29.308,29.032,29.282,11.4884
25.06.2024 00:00:00.000,29.008,29.308,28.948,29.298,7.5069
26.06.2024 00:00:00.000,29.518,29.813,29.367,29.543,6.575100000000001
27.06.2024 00:00:00.000,29.477,29.642,29.423,29.502,6.441000000000001
28.06.2024 00:00:00.000,29.563,29.718,29.433,29.513,22.1731
01.07.2024 00:00:00.000,29.572,29.612,29.272,29.377,17.395799999999983
02.07.2024 00:00:00.000,29.298,29.313,28.972,29.258,12.624799999999995
03.07.2024 00:00:00.000,29.417,29.633,29.388,29.573,7.788699999999984
04.07.2024 00:00:00.000,29.678,29.758,29.612,29.718,26.979100000000052
05.07.2024 00:00:00.000,29.943,30.243,29.888,30.098,6.95849999999999